first_name,last_name,email,gender,ip_address
Willie,Reyes,wreyes0@themeforest.net,Male,75.207.244.72
Joseph,Cooper,jcooper1@e-recht24.de,Male,194.25.69.248
Wanda,Little,wlittle2@moonfruit.com,Female,62.229.150.207
Rachel,Jenkins,rjenkins3@go.com,Female,204.82.230.129
Susan,Brown,sbrown4@buzzfeed.com,Female,118.193.77.37
Marilyn,Henry,mhenry5@jigsy.com,Female,238.30.96.51
Raymond,Harris,rharris6@delicious.com,Male,190.83.43.47
Juan,Alvarez,jalvarez7@icq.com,Male,32.132.228.253
Jimmy,Evans,jevans8@patch.com,Male,163.89.220.33
Joe,Franklin,jfranklin9@who.int,Male,42.115.65.12
John,Morales,jmoralesa@narod.ru,Male,144.229.228.246
Katherine,Ortiz,kortizb@hubpages.com,Female,86.153.178.193
Jack,Willis,jwillisc@edublogs.org,Male,227.124.225.151
Willie,Rivera,wriverad@archive.org,Male,62.88.209.227
Michelle,Graham,mgrahame@thetimes.co.uk,Female,72.94.11.255
Marie,Gibson,mgibsonf@craigslist.org,Female,26.57.113.38
Amy,Mills,amillsg@youtu.be,Female,233.166.242.111
Eugene,Reynolds,ereynoldsh@columbia.edu,Male,0.0.182.100
Phillip,Bradley,pbradleyi@geocities.com,Male,138.80.240.249
Louise,Simpson,lsimpsonj@java.com,Female,60.221.22.109
Debra,Lawrence,dlawrencek@clickbank.net,Female,56.202.108.74
Richard,Crawford,rcrawfordl@hhs.gov,Male,208.246.193.122
Nicholas,Torres,ntorresm@redcross.org,Male,233.175.164.23
Eric,Torres,etorresn@mac.com,Male,231.108.95.175
Victor,Wagner,vwagnero@nih.gov,Male,105.75.185.89
Clarence,Hernandez,chernandezp@istockphoto.com,Male,200.84.74.38
Roy,Harris,rharrisq@google.pl,Male,52.99.97.241
Roger,Hart,rhartr@microsoft.com,Male,229.113.128.12
Betty,Williams,bwilliamss@slashdot.org,Female,18.245.131.248
Richard,Reed,rreedt@technorati.com,Male,124.3.51.74
Rebecca,Young,ryoungu@fastcompany.com,Female,46.160.0.242
Jean,Hall,jhallv@addthis.com,Female,158.93.103.7
Teresa,Frazier,tfrazierw@surveymonkey.com,Female,18.138.245.23
Louise,Boyd,lboydx@shop-pro.jp,Female,130.35.135.97
Paul,Meyer,pmeyery@123-reg.co.uk,Male,22.218.199.127
Marilyn,Webb,mwebbz@aol.com,Female,207.146.212.151
Daniel,Webb,dwebb10@usgs.gov,Male,251.58.108.185
Nicole,Weaver,nweaver11@elpais.com,Female,80.77.185.186
Diane,Bailey,dbailey12@marriott.com,Female,125.155.135.77
David,Ramirez,dramirez13@hud.gov,Male,126.28.127.124
Amanda,Miller,amiller14@thetimes.co.uk,Female,80.235.154.38
Judy,Boyd,jboyd15@sfgate.com,Female,121.103.207.162
Walter,Perkins,wperkins16@etsy.com,Male,91.84.164.249
Lillian,Davis,ldavis17@issuu.com,Female,12.110.40.6
Carlos,Woods,cwoods18@senate.gov,Male,91.122.41.90
Clarence,Flores,cflores19@privacy.gov.au,Male,111.129.105.83
Annie,Stevens,astevens1a@xrea.com,Female,194.146.106.165
Carol,Davis,cdavis1b@nhs.uk,Female,32.177.47.244
Doris,Howard,dhoward1c@amazon.co.uk,Female,208.208.197.21
Marilyn,Cox,mcox1d@quantcast.com,Female,101.200.243.105
Martin,Garcia,mgarcia1e@buzzfeed.com,Male,0.120.69.94
Jean,Sanders,jsanders1f@admin.ch,Female,94.1.195.242
Brandon,Peters,bpeters1g@yahoo.co.jp,Male,196.251.144.29
Nancy,Hall,nhall1h@seattletimes.com,Female,130.192.161.30
Martin,Wallace,mwallace1i@ted.com,Male,154.174.249.44
Carlos,Harper,charper1j@taobao.com,Male,7.139.237.157
Kenneth,Anderson,kanderson1k@freewebs.com,Male,31.24.172.93
Scott,White,swhite1l@bravesites.com,Male,202.255.203.75
Nicole,Dean,ndean1m@seesaa.net,Female,216.85.143.135
Jeffrey,King,jking1n@berkeley.edu,Male,97.87.80.105
Roy,Walker,rwalker1o@squidoo.com,Male,110.76.145.78
Ralph,Murray,rmurray1p@pbs.org,Male,252.53.165.42
Paul,Freeman,pfreeman1q@nps.gov,Male,106.161.34.121
Eugene,Bowman,ebowman1r@tinyurl.com,Male,33.12.240.188
Jean,Schmidt,jschmidt1s@foxnews.com,Female,128.66.137.100
Willie,Davis,wdavis1t@aboutads.info,Male,63.15.35.188
Mildred,Evans,mevans1u@ca.gov,Female,24.73.34.219
Andrea,Holmes,aholmes1v@sciencedaily.com,Female,83.26.124.236
Jeremy,Palmer,jpalmer1w@pcworld.com,Male,138.36.131.233
Fred,Carr,fcarr1x@si.edu,Male,146.69.100.153
Tina,Perez,tperez1y@xrea.com,Female,11.191.70.208
Gerald,Palmer,gpalmer1z@eepurl.com,Male,151.255.176.169
Steve,Ray,sray20@examiner.com,Male,120.149.99.184
Roy,Bishop,rbishop21@cmu.edu,Male,164.65.254.135
Jerry,Reynolds,jreynolds22@macromedia.com,Male,161.204.250.244
Jimmy,Harris,jharris23@constantcontact.com,Male,173.223.238.113
Ralph,Nguyen,rnguyen24@shutterfly.com,Male,96.31.117.27
Ruby,Robinson,rrobinson25@wunderground.com,Female,15.30.90.3
William,Dean,wdean26@ustream.tv,Male,129.249.216.151
Carlos,Hawkins,chawkins27@howstuffworks.com,Male,73.161.1.131
Phyllis,Jackson,pjackson28@yahoo.co.jp,Female,187.42.62.152
Deborah,Kennedy,dkennedy29@51.la,Female,133.212.82.234
Craig,Taylor,ctaylor2a@spiegel.de,Male,168.86.25.85
Timothy,Diaz,tdiaz2b@jalbum.net,Male,135.57.140.24
Laura,Miller,lmiller2c@netscape.com,Female,166.36.17.231
Margaret,Coleman,mcoleman2d@google.cn,Female,96.232.207.224
Donald,Scott,dscott2e@virginia.edu,Male,235.204.216.126
Matthew,Frazier,mfrazier2f@europa.eu,Male,18.227.46.218
Henry,Mcdonald,hmcdonald2g@google.ru,Male,250.88.70.13
Jean,Montgomery,jmontgomery2h@spotify.com,Female,178.45.170.9
Barbara,Vasquez,bvasquez2i@clickbank.net,Female,176.36.211.116
Lillian,Armstrong,larmstrong2j@time.com,Female,248.177.181.159
Howard,Simmons,hsimmons2k@pcworld.com,Male,2.66.190.184
Anne,Long,along2l@istockphoto.com,Female,146.35.121.19
Jerry,Carter,jcarter2m@networkadvertising.org,Male,75.246.100.160
Brian,Mitchell,bmitchell2n@feedburner.com,Male,118.48.88.162
Sara,Medina,smedina2o@marketwatch.com,Female,71.219.16.7
Susan,Moreno,smoreno2p@baidu.com,Female,33.72.92.239
Douglas,Stanley,dstanley2q@furl.net,Male,40.184.184.93
Thomas,King,tking2r@bizjournals.com,Male,35.167.27.172
